{
	"info": {
		"_postman_id": "c8e40796-172f-4cf7-be44-c47015fad1aa",
		"name": "DesafioMVC",
		"schema": "https://schema.getpostman.com/json/collection/v2.1.0/collection.json",
		"_exporter_id": "2921580",
		"_collection_link": "https://hsl-dev.postman.co/workspace/SIGAM-PLUS~4d910ccd-0f8e-4c62-9ba9-35fc2eafff7e/collection/2921580-c8e40796-172f-4cf7-be44-c47015fad1aa?action=share&source=collection_link&creator=2921580"
	},
	"item": [
		{
			"name": "Cliente",
			"item": [
				{
					"name": "Get",
					"request": {
						"method": "GET",
						"header": [
							{
								"key": "accept",
								"value": "*/*"
							}
						],
						"url": {
							"raw": "https://localhost:7238/api/ClienteSis",
							"protocol": "https",
							"host": [
								"localhost"
							],
							"port": "7238",
							"path": [
								"api",
								"ClienteSis"
							]
						}
					},
					"response": []
				},
				{
					"name": "Post",
					"request": {
						"method": "POST",
						"header": [
							{
								"key": "accept",
								"value": "*/*"
							},
							{
								"key": "Content-Type",
								"value": "application/json"
							}
						],
						"body": {
							"mode": "raw",
							"raw": "{\n  \"id\": 0,\n  \"nome\": \"Thiago\",\n  \"email\": \"tiladeira@gmail.com\",\n  \"senha\": \"123456\",\n  \"logotipo\": \"logo.png\",\n  \"status\": true\n}"
						},
						"url": {
							"raw": "https://localhost:7238/api/ClienteSis",
							"protocol": "https",
							"host": [
								"localhost"
							],
							"port": "7238",
							"path": [
								"api",
								"ClienteSis"
							]
						}
					},
					"response": []
				},
				{
					"name": "GetId",
					"request": {
						"method": "GET",
						"header": [
							{
								"key": "accept",
								"value": "*/*"
							}
						],
						"url": {
							"raw": "https://localhost:7238/api/ClienteSis/2",
							"protocol": "https",
							"host": [
								"localhost"
							],
							"port": "7238",
							"path": [
								"api",
								"ClienteSis",
								"2"
							]
						}
					},
					"response": []
				},
				{
					"name": "Put",
					"request": {
						"method": "PUT",
						"header": [
							{
								"key": "accept",
								"value": "*/*"
							},
							{
								"key": "Content-Type",
								"value": "application/json"
							}
						],
						"body": {
							"mode": "raw",
							"raw": "{\n  \"id\": 2,\n  \"nome\": \"Thiago\",\n  \"email\": \"tiladeira@gmail.com\",\n  \"senha\": \"654789\",\n  \"logotipo\": \"logo.png\",\n  \"status\": true\n}"
						},
						"url": {
							"raw": "https://localhost:7238/api/ClienteSis",
							"protocol": "https",
							"host": [
								"localhost"
							],
							"port": "7238",
							"path": [
								"api",
								"ClienteSis"
							]
						}
					},
					"response": []
				},
				{
					"name": "Delete",
					"request": {
						"method": "DELETE",
						"header": [
							{
								"key": "accept",
								"value": "*/*"
							}
						],
						"url": {
							"raw": "https://localhost:7238/api/ClienteSis/1",
							"protocol": "https",
							"host": [
								"localhost"
							],
							"port": "7238",
							"path": [
								"api",
								"ClienteSis",
								"1"
							]
						}
					},
					"response": []
				}
			]
		},
		{
			"name": "Logradouro",
			"item": [
				{
					"name": "Get",
					"request": {
						"method": "GET",
						"header": [
							{
								"key": "accept",
								"value": "*/*"
							}
						],
						"url": {
							"raw": "https://localhost:7238/api/Logradouro",
							"protocol": "https",
							"host": [
								"localhost"
							],
							"port": "7238",
							"path": [
								"api",
								"Logradouro"
							]
						}
					},
					"response": []
				},
				{
					"name": "Post",
					"request": {
						"method": "POST",
						"header": [
							{
								"key": "accept",
								"value": "*/*"
							},
							{
								"key": "Content-Type",
								"value": "application/json"
							}
						],
						"body": {
							"mode": "raw",
							"raw": "{\r\n  \"id\": 0,\r\n  \"clienteId\": 2,\r\n  \"endereco\": \"Avenida São Camilo\",\r\n  \"numero\": \"1647\",\r\n  \"complemento\": \"Casa 5\",\r\n  \"bairro\": \"Granja Viana\",\r\n  \"cidade\": \"Cotia\",\r\n  \"cep\": \"06709150\",\r\n  \"estado\": \"SP\",\r\n  \"pais\": \"Brasil\"\r\n}"
						},
						"url": {
							"raw": "https://localhost:7238/api/Logradouro",
							"protocol": "https",
							"host": [
								"localhost"
							],
							"port": "7238",
							"path": [
								"api",
								"Logradouro"
							]
						}
					},
					"response": []
				},
				{
					"name": "Put",
					"request": {
						"method": "PUT",
						"header": [
							{
								"key": "accept",
								"value": "*/*"
							},
							{
								"key": "Content-Type",
								"value": "application/json"
							}
						],
						"body": {
							"mode": "raw",
							"raw": "{\r\n  \"id\": 6,\r\n  \"clienteId\": 2,\r\n  \"endereco\": \"Avenida São Camilo\",\r\n  \"numero\": \"1647 B\",\r\n  \"complemento\": \"Casa 5\",\r\n  \"bairro\": \"Granja Viana\",\r\n  \"cidade\": \"Cotia\",\r\n  \"cep\": \"06709150\",\r\n  \"estado\": \"SP\",\r\n  \"pais\": \"Brasil\"\r\n}"
						},
						"url": {
							"raw": "https://localhost:7238/api/Logradouro",
							"protocol": "https",
							"host": [
								"localhost"
							],
							"port": "7238",
							"path": [
								"api",
								"Logradouro"
							]
						}
					},
					"response": []
				},
				{
					"name": "GetId",
					"request": {
						"method": "GET",
						"header": [
							{
								"key": "accept",
								"value": "*/*"
							}
						],
						"url": {
							"raw": "https://localhost:7238/api/Logradouro/6",
							"protocol": "https",
							"host": [
								"localhost"
							],
							"port": "7238",
							"path": [
								"api",
								"Logradouro",
								"6"
							]
						}
					},
					"response": []
				},
				{
					"name": "Delete",
					"request": {
						"method": "DELETE",
						"header": [
							{
								"key": "accept",
								"value": "*/*"
							}
						],
						"url": {
							"raw": "https://localhost:7238/api/Logradouro/4",
							"protocol": "https",
							"host": [
								"localhost"
							],
							"port": "7238",
							"path": [
								"api",
								"Logradouro",
								"4"
							]
						}
					},
					"response": []
				}
			]
		},
		{
			"name": "Login",
			"item": [
				{
					"name": "Login",
					"request": {
						"method": "POST",
						"header": [
							{
								"key": "accept",
								"value": "*/*"
							},
							{
								"key": "Content-Type",
								"value": "application/json"
							}
						],
						"body": {
							"mode": "raw",
							"raw": "{\n  \"email\": \"admin\",\n  \"password\": \"sw\"\n}"
						},
						"url": {
							"raw": "https://localhost:7238/api/Login/login",
							"protocol": "https",
							"host": [
								"localhost"
							],
							"port": "7238",
							"path": [
								"api",
								"Login",
								"login"
							]
						}
					},
					"response": []
				}
			]
		}
	]
}